{"tfjsVersion":"1.3.1","tmVersion":"0.8.6","packageVersion":"0.8.6","packageName":"@teachablemachine/pose","timeStamp":"2024-10-09T22:16:21.666Z","userMetadata":{},"modelName":"my-pose-model","labels":["iwannaholdem","liketheydointexas","please","foldem","letemhitme","raisetit","babystaywithme","iloveit","lovegameintuition","playthecardswithspadestostart","andafterhisbeenhooked","illplaytheonethstsonhisheart","ohohohohohohoh","illgethimhot","showhimwhativegot"],"modelSettings":{"posenet":{"architecture":"MobileNetV1","outputStride":16,"inputResolution":257,"multiplier":0.75}}}